Shot #,Timecode,Selected Var,Score,VO Text,Timestamp
4,00:04.8 - 00:06.7,2,95.3,"Before your feet hit the floor,",2026-09-08T16:33:58.535919
5,00:06.7 - 00:08.4,2,49.9,you look at a glass rectangle,2026-09-08T16:34:31.899412
6,00:08.4 - 00:10.1,1,94.5,"to see who owns your morning,",2026-09-08T16:47:04.608581
7,00:10.1 - 00:11.6,3,94.9,"who owns your afternoon,",2026-09-08T16:47:40.271856
8,00:11.6 - 00:13.9,2,89.0,and how many minutes you get for lunch.,2026-09-08T16:48:17.240946
9,00:13.9 - 00:16.0,1,96.7,"You sprint through honking traffic,",2026-09-08T16:48:48.756223
10,00:16.0 - 00:17.9,2,99.3,"cram onto a packed subway train,",2026-09-08T16:49:25.376981
11,00:17.9 - 00:19.9,1,97.0,and trade ten hours of your life,2026-09-08T16:50:01.601289
12,00:19.9 - 00:21.9,2,97.5,answering messages from strangers.,2026-09-08T16:50:35.787162
13,00:21.9 - 00:23.7,1,39.3,"And tonight, before you sleep,",2026-09-08T16:51:12.288454
14,00:23.7 - 00:25.5,3,80.9,you will set that same machine,2026-09-08T16:51:46.039717
15,00:25.5 - 00:26.9,4,83.2,to scream at you again.,2026-09-08T16:52:19.775782
16,00:26.9 - 00:29.2,3,95.1,"Now, rewind forty-five thousand years.",2026-09-08T16:52:56.222904
17,00:29.2 - 00:31.1,1,90.5,A man wakes in the morning light.,2026-09-08T16:53:29.953492
18,00:31.1 - 00:33.1,2,83.1,No alarm. No schedule. No clock.,2026-09-08T16:54:03.768139
19,00:33.1 - 00:34.8,4,76.8,Nowhere he is required to be.,2026-09-08T16:54:37.665019
20,00:34.8 - 00:36.8,4,94.4,"He owns a flint spear, two hides,",2026-09-08T16:55:09.000258
21,00:36.8 - 00:38.3,2,97.1,and a small morning fire.,2026-09-08T16:55:42.858689
22,00:38.3 - 00:39.9,4,77.6,"He stretches his arms wide,",2026-09-08T16:56:16.862973
23,00:39.9 - 00:42.0,1,70.3,and asks a question you cannot ask:,2026-09-08T16:56:51.349619
24,00:42.0 - 00:43.6,4,91.5,What do I want to do today?,2026-09-08T16:57:28.092449
25,00:43.6 - 00:45.7,3,85.3,"Now, your modern brain fights this.",2026-09-08T16:58:01.913844
26,00:45.7 - 00:47.8,2,95.0,"You think: Sure, that sounds nice,",2026-09-08T19:17:30.845770
27,00:47.8 - 00:49.5,1,77.7,"but they died at twenty-five,",2026-09-08T19:17:58.219940
28,00:49.5 - 00:51.2,2,89.8,"froze in caves, and starved.",2026-09-08T19:18:27.675192
29,00:51.2 - 00:53.3,2,99.0,That is the story we tell ourselves.,2026-09-08T19:20:02.861735
30,00:53.3 - 00:55.7,2,91.4,The myth that history is a straight line,2026-09-08T19:20:48.319147
31,00:55.7 - 00:58.1,2,95.7,from ancient misery to modern paradise.,2026-09-08T19:21:29.812669
32,00:58.1 - 01:00.3,1,96.6,We tell ourselves forty hours of work,2026-09-08T19:29:55.680482
33,01:00.3 - 01:02.6,1,94.4,is the price of escaping ancient pain.,2026-09-08T19:34:24.575910
34,01:02.6 - 01:04.7,1,79.0,We assume ancient humans were beasts,2026-09-08T19:34:56.059793
35,01:04.7 - 01:06.5,2,78.7,with no time to sit in peace.,2026-09-08T19:35:37.604067
36,01:06.5 - 01:08.4,1,98.4,We think technology set us free.,2026-09-08T19:36:07.150721
37,01:08.4 - 01:10.6,1,94.6,We think progress bought us leisure.,2026-09-08T19:36:36.625533
38,01:10.6 - 01:12.7,2,96.9,And we wear exhaustion like a medal.,2026-09-08T19:37:16.111832
39,01:12.7 - 01:15.2,1,96.5,Because admitting the truth is terrifying:,2026-09-08T19:37:45.505338
40,01:15.2 - 01:17.6,2,99.5,a caveman may have been freer than you.,2026-09-08T19:38:27.009152
41,01:17.6 - 01:19.4,2,94.2,That breaks society's promise.,2026-09-08T19:42:51.455996
42,01:19.4 - 01:21.6,2,98.9,So we cling to the myth of brutality.,2026-09-08T19:43:21.190226
43,01:21.6 - 01:23.7,2,92.4,We tell ourselves they had no life.,2026-09-08T19:43:50.649401
44,01:23.7 - 01:26.2,2,95.4,"But when archaeologists dig into the dirt,",2026-09-08T19:44:20.119495
45,01:26.2 - 01:28.6,1,91.7,the bones tell the exact opposite story.,2026-09-08T19:44:49.615277
46,01:28.6 - 01:30.8,2,97.3,Dirt doesn't lie. Look at the bones.,2026-09-08T19:45:19.097959
47,01:30.8 - 01:32.6,1,96.8,"In the late twentieth century,",2026-09-08T19:45:48.613832
48,01:32.6 - 01:35.1,1,96.0,bioarchaeologists ran forensic comparisons,2026-09-08T19:46:18.125382
49,01:35.1 - 01:38.0,2,97.6,on ancient skeletons across the Fertile Crescent.,2026-09-08T19:46:49.648909
50,01:38.0 - 01:40.4,2,92.1,"At dig sites like Abu Hureyra in Syria,",2026-09-08T19:47:19.314916
51,01:40.4 - 01:42.2,1,89.9,they found the exact centuries,2026-09-08T19:47:46.811457
52,01:42.2 - 01:44.6,2,97.9,where hunting stopped and farming began.,2026-09-08T19:48:28.517009
53,01:44.6 - 01:46.9,2,96.7,Comparing those two groups side by side,2026-09-08T19:49:08.200166
54,01:46.9 - 01:49.1,2,72.4,reveals something genuinely shocking.,2026-09-08T19:53:33.233253
55,01:49.1 - 01:51.8,2,97.7,Skeleton A belonged to a Paleolithic hunter.,2026-09-08T19:54:13.566069
56,01:51.8 - 01:53.9,1,95.1,He lived thirty thousand years ago.,2026-09-08T19:54:43.130741
57,01:53.9 - 01:56.6,2,94.4,He stood nearly five foot eleven inches tall.,2026-09-08T19:55:10.699878
58,01:56.6 - 01:58.7,1,90.3,His bone density was extraordinary—,2026-09-08T19:55:52.225917
59,01:58.7 - 02:00.9,1,99.4,equal to a modern Olympic decathlete.,2026-09-08T19:56:21.831556
60,02:00.9 - 02:03.5,1,99.2,His skeleton was shaped by varied movement:,2026-09-08T19:56:49.577783
61,02:03.5 - 02:05.9,1,91.9,walking uneven terrain and tracking game.,2026-09-08T19:57:23.242023
62,02:05.9 - 02:08.6,2,94.9,His joints show no repetitive stress damage.,2026-09-08T19:57:57.147886
63,02:08.6 - 02:10.9,2,98.6,"And when researchers examined his jaws,",2026-09-08T19:58:37.877943
64,02:10.9 - 02:13.6,1,49.1,they found practically zero dental cavities.,2026-09-08T19:59:08.400032
65,02:13.6 - 02:15.6,2,96.1,"Not because he brushed or flossed,",2026-09-08T19:59:36.784954
66,02:15.6 - 02:18.4,1,94.1,but because he ate no refined starch or sugar.,2026-09-08T20:00:10.933833
67,02:18.4 - 02:20.3,1,94.5,His mouth was naturally healthy.,2026-09-08T20:00:47.274883
68,02:20.3 - 02:22.6,1,96.8,Now turn your attention to Skeleton B.,2026-09-08T20:01:20.176481
69,02:22.6 - 02:24.9,1,91.6,This is an early Neolithic wheat farmer,2026-09-08T20:02:03.668656
70,02:24.9 - 02:28.0,1,94.9,from the exact same valley thousands of years later.,2026-09-08T20:02:46.641976
71,02:28.0 - 02:30.7,1,92.2,He is four inches shorter than his ancestor.,2026-09-08T20:03:30.826469
72,02:30.7 - 02:32.5,2,93.2,His spine tells a brutal story.,2026-09-08T20:04:06.343685
73,02:32.5 - 02:35.0,2,87.9,Female skeletons from these early villages,2026-09-08T20:04:47.931101
74,02:35.0 - 02:37.8,1,95.7,show permanent arthritis in the toes and knees,2026-09-08T20:05:22.529656
75,02:37.8 - 02:40.4,2,81.2,"from kneeling six to eight hours every day,",2026-09-08T20:05:53.356394
76,02:40.4 - 02:42.6,1,99.7,grinding wheat grains on stone slabs.,2026-09-08T20:06:35.034591
77,02:42.6 - 02:45.3,2,93.3,Her collarbones are grooved from heavy loads.,2026-09-08T20:07:05.908928
78,02:45.3 - 02:47.3,1,92.5,And his teeth? A nightmare of rot.,2026-09-08T20:07:34.490020
79,02:47.3 - 02:49.7,2,90.2,"Sticky grain porridge coated his teeth,",2026-09-08T20:08:04.459848
80,02:49.7 - 02:52.4,1,90.0,feeding bacteria that ate into the nerve pulp.,2026-09-08T20:08:30.675183
81,02:52.4 - 02:55.3,2,95.8,Dental abscesses ate straight through jawbones.,2026-09-08T20:09:01.457583
82,02:55.3 - 02:57.5,2,95.9,"His skull is full of tiny porous pits,",2026-09-08T20:09:41.307791
83,02:57.5 - 02:59.9,2,93.7,"a condition called porotic hyperostosis,",2026-09-08T20:14:15.790437
84,02:59.9 - 03:02.4,2,60.1,caused by chronic iron-deficiency anemia.,2026-09-08T20:14:59.036308
85,03:02.4 - 03:04.6,1,94.2,Farming was not an upgrade in health.,2026-09-08T20:15:45.756394
86,03:04.6 - 03:06.4,2,71.3,It was a physical catastrophe.,2026-09-08T20:19:39.013374
87,03:06.4 - 03:09.2,2,98.7,"The hunter ate hundreds of diverse wild foods,",2026-09-08T20:20:15.976344
88,03:09.2 - 03:11.6,1,100.0,"rich in vitamins, minerals, and protein.",2026-09-08T20:20:56.113429
89,03:11.6 - 03:13.9,1,96.8,He had dense bones and straight joints.,2026-09-08T20:21:35.926461
90,03:13.9 - 03:16.7,2,91.4,What about lifespan? Infant mortality was high.,2026-09-08T20:22:03.925990
91,03:16.7 - 03:18.8,1,93.4,"Many children died before age five,",2026-09-08T20:22:33.657765
92,03:18.8 - 03:21.4,2,98.2,which dragged down the statistical average.,2026-09-08T20:23:15.538116
93,03:21.4 - 03:24.0,1,87.4,"But if an ancient hunter reached adulthood,",2026-09-08T20:23:49.748981
94,03:24.0 - 03:27.0,1,92.6,"he routinely lived into his sixties and seventies,",2026-09-08T20:24:31.892615
95,03:27.0 - 03:29.7,2,99.2,"muscular, active, and carrying all his teeth.",2026-09-08T20:29:11.663886
96,03:29.7 - 03:32.0,2,94.8,"So if he wasn't dying young in squalor,",2026-09-08T20:29:51.753758
97,03:32.0 - 03:34.5,2,98.2,what did a normal day actually look like?,2026-09-08T20:30:22.020695
98,03:34.5 - 03:36.8,1,95.4,Let us reconstruct an ordinary morning,2026-09-08T20:30:54.240808
99,03:36.8 - 03:38.3,2,95.8,fifty thousand years ago.,2026-09-08T20:31:25.491331
100,03:38.3 - 03:41.1,1,92.2,The camp stirs when sunlight touches the trees.,2026-09-08T20:31:55.561291
101,03:41.1 - 03:43.8,1,98.0,Nobody is jolted awake by an electric buzzer.,2026-09-08T20:32:23.738187
102,03:43.8 - 03:46.0,1,96.6,People wake gradually as birds sing.,2026-09-08T20:33:05.920954
103,03:46.0 - 03:48.1,2,93.0,The first hour belongs to the fire.,2026-09-08T20:33:37.707027
104,03:48.1 - 03:50.4,2,99.8,"Everyone gathers in the morning warmth,",2026-09-08T20:34:18.028647
105,03:50.4 - 03:52.5,1,97.9,"chewing roasted nuts or dried meat,",2026-09-08T20:34:49.780363
106,03:52.5 - 03:55.1,2,97.0,laughing and sharing dreams from the night.,2026-09-08T20:35:21.643627
107,03:55.1 - 03:57.4,2,99.7,No emails to check. No unread messages.,2026-09-09T09:02:00.776568
108,03:57.4 - 03:59.5,1,82.0,No boss needing a report by ten AM.,2026-09-09T09:03:56.421705
109,03:59.5 - 04:01.9,1,98.6,"Around nine in the morning, work begins.",2026-09-09T09:04:42.953616
110,04:01.9 - 04:04.3,1,93.0,A small hunting team checks their gear.,2026-09-09T09:05:25.097712
111,04:04.3 - 04:06.8,1,98.9,"They work with autonomy, not under orders.",2026-09-09T09:06:19.421897
112,04:06.8 - 04:09.2,2,96.2,"Skill earns respect here, not obedience.",2026-09-09T09:07:08.825755
113,04:09.2 - 04:11.8,1,95.1,Hunting is not frantic hand-to-hand combat.,2026-09-09T09:08:08.940933
114,04:11.8 - 04:14.3,1,98.3,It is an exercise in ecological endurance.,2026-09-09T09:08:55.289792
115,04:14.3 - 04:16.9,1,96.6,Humans have a unique biological superpower:,2026-09-09T09:09:47.020202
116,04:16.9 - 04:19.3,1,96.1,we sweat across our entire body surface.,2026-09-09T09:10:49.999245
117,04:19.3 - 04:21.3,1,83.8,"An antelope is faster in a sprint,",2026-09-09T09:11:37.771796
118,04:21.3 - 04:24.1,1,97.4,but it cannot sweat. It must pant to cool down.,2026-09-09T09:12:13.579820
119,04:24.1 - 04:26.2,2,73.6,So hunters don't try to outrun it.,2026-09-09T09:22:33.194224
120,04:26.2 - 04:28.3,2,85.3,They simply jog behind it for hours,2026-09-09T09:23:27.362474
121,04:28.3 - 04:30.5,2,98.1,until the animal overheats and rests.,2026-09-09T09:24:23.871141
122,04:30.5 - 04:33.0,1,100.0,"Meanwhile, the gathering group is at work.",2026-09-09T09:25:11.094524
123,04:33.0 - 04:35.3,1,96.2,They know every edible plant for miles.,2026-09-09T09:25:50.033859
124,04:35.3 - 04:38.0,1,90.4,"They know where wild onions hide in the soil,",2026-09-09T09:26:52.217749
125,04:38.0 - 04:40.5,1,99.3,"where blackberries ripen in early autumn,",2026-09-09T09:27:37.745712
126,04:40.5 - 04:42.9,1,99.5,and where wild bees have honey in trees.,2026-09-09T09:28:17.424182
127,04:42.9 - 04:44.9,2,100.0,This is not desperate scavenging.,2026-09-09T09:29:15.066503
128,04:44.9 - 04:47.5,1,90.2,It is a stroll through an open supermarket.,2026-09-09T09:30:02.014285
129,04:47.5 - 04:49.7,1,92.1,"And because they know their territory,",2026-09-09T09:30:51.786036
130,04:49.7 - 04:51.6,2,81.7,gathering doesn't take all day.,2026-09-09T09:31:42.297541
131,04:51.6 - 04:54.0,1,98.5,"By early afternoon, everyone is in camp.",2026-09-09T09:32:21.711436
132,04:54.0 - 04:56.5,2,95.1,Food is roasted communally over the fire.,2026-09-09T09:33:12.403388
133,04:56.5 - 04:59.0,2,92.3,Everyone eats until their bellies are full.,2026-09-09T09:34:01.014320
134,04:59.0 - 05:01.2,1,94.9,And then... the working day is over.,2026-09-09T09:34:37.911837
135,05:01.2 - 05:03.3,1,98.1,"In 1963, anthropologist Richard Lee",2026-09-09T09:35:18.386337
136,05:03.3 - 05:05.9,1,97.0,"traveled to the Kalahari Desert in Botswana,",2026-09-09T09:36:13.786494
137,05:05.9 - 05:08.5,2,95.4,one of the harshest environments on Earth.,2026-09-09T09:36:51.668003
138,05:08.5 - 05:11.2,1,99.3,He lived with the Ju/'hoansi hunter-gatherers.,2026-09-09T09:37:14.877608
139,05:11.2 - 05:14.0,2,98.8,"He carried a notebook, calendar, and stopwatch.",2026-09-09T09:38:11.504593
140,05:14.0 - 05:16.6,2,96.1,"For four weeks, Lee timed every single hour",2026-09-09T09:38:51.582754
141,05:16.6 - 05:19.4,1,94.2,"spent on hunting, gathering, and making tools.",2026-09-09T09:39:41.981432
142,05:19.4 - 05:21.8,2,46.1,Economists had assumed primitives worked,2026-09-09T09:40:39.813530
143,05:21.8 - 05:23.9,2,99.3,eighty hours a week just to survive.,2026-09-09T09:41:25.951257
144,05:23.9 - 05:26.0,2,88.2,The actual number shocked science.,2026-09-09T09:42:08.370343
145,05:26.0 - 05:28.7,1,81.1,The average adult spent seventeen hours a week,2026-09-09T09:43:05.623344
146,05:28.7 - 05:31.4,2,60.8,providing complete sustenance for the group.,2026-09-09T09:44:00.016835
147,05:31.4 - 05:33.8,2,96.2,That is about two and a half hours a day.,2026-09-09T09:44:49.967580
148,05:33.8 - 05:35.4,1,96.5,And they weren't starving.,2026-09-09T09:45:45.586584
149,05:35.4 - 05:38.1,2,90.8,"Lee found each adult consumed 2,100 calories,",2026-09-09T09:46:39.473872
150,05:38.1 - 05:40.5,1,96.6,with over ninety grams of protein daily.,2026-09-09T09:47:19.361478
151,05:40.5 - 05:43.0,1,97.7,"They had food security in severe droughts,",2026-09-09T09:48:03.576237
152,05:43.0 - 05:45.7,2,98.1,because wild plants survive climate extremes.,2026-09-09T09:48:53.889815
153,05:45.7 - 05:48.2,1,96.8,Critics claimed the Kalahari was a fluke.,2026-09-09T09:49:35.092025
154,05:48.2 - 05:50.6,1,98.6,So researchers traveled across the globe.,2026-09-09T09:50:26.104228
155,05:50.6 - 05:52.7,1,92.5,They studied the Hadza in Tanzania:,2026-09-09T09:51:19.668155
156,05:52.7 - 05:54.6,1,92.3,fifteen hours of work per week.,2026-09-09T09:52:24.651366
157,05:54.6 - 05:57.0,1,52.9,They studied the Gunwinggu in Australia:,2026-09-09T09:53:21.372337
158,05:57.0 - 05:58.9,1,95.1,sixteen hours of work per week.,2026-09-09T09:53:59.155182
159,05:58.9 - 06:00.9,2,97.0,They studied the Aché in Paraguay:,2026-09-09T09:54:50.943204
160,06:00.9 - 06:02.8,2,93.1,nineteen hours of work per week.,2026-09-09T09:55:36.093553
161,06:02.8 - 06:05.4,2,62.0,Four continents. Four different ecosystems.,2026-09-09T09:56:26.394425
162,06:05.4 - 06:08.2,1,100.0,"Every time, the math returned the same verdict:",2026-09-09T09:57:21.732569
163,06:08.2 - 06:10.6,1,98.3,fifteen to twenty hours of labor a week.,2026-09-09T09:57:59.635028
164,06:10.6 - 06:13.0,2,98.1,That was the price of prehistoric life.,2026-09-09T09:59:04.941315
165,06:13.0 - 06:15.9,2,98.7,The remaining one hundred and twenty waking hours,2026-09-09T09:59:44.639402
166,06:15.9 - 06:18.7,2,89.6,belonged entirely and unconditionally to them.,2026-09-09T10:00:38.610074
167,06:18.7 - 06:20.5,1,91.3,Now look back at your own week.,2026-09-09T10:01:18.009090
168,06:20.5 - 06:22.6,1,96.8,"You work forty, fifty, sixty hours.",2026-09-09T10:02:05.079336
169,06:22.6 - 06:24.9,2,22.2,You commute ten hours in traffic jams.,2026-09-09T10:02:49.133112
170,06:24.9 - 06:27.5,2,69.2,You spend fifteen hours on chores and bills.,2026-09-09T10:03:34.735234
171,06:27.5 - 06:29.9,2,99.5,We invented robot vacuums to save time.,2026-09-09T10:04:33.434700
172,06:29.9 - 06:32.5,1,96.0,We invented dishwashers so we didn't scrub.,2026-09-09T10:05:17.591852
173,06:32.5 - 06:35.0,2,99.0,We invented email to work in milliseconds.,2026-09-09T10:06:01.497803
174,06:35.0 - 06:37.0,1,96.6,Yet you have far less leisure time,2026-09-09T10:06:50.816983
175,06:37.0 - 06:39.2,2,94.1,than a hunter who owned only a spear.,2026-09-09T10:07:45.448327
176,06:39.2 - 06:40.8,2,99.5,Where did all our time go?,2026-09-09T10:08:46.147443
177,06:40.8 - 06:43.0,1,91.8,The hunter didn't need to save time.,2026-09-09T10:09:50.472249
178,06:43.0 - 06:45.1,1,96.1,Time wasn't a currency to be spent.,2026-09-09T10:10:59.969186
179,06:45.1 - 06:46.9,2,89.0,Time was the water he swam in.,2026-09-09T10:11:40.780495
180,06:46.9 - 06:49.3,2,92.1,What did they do with twelve free hours?,2026-09-09T10:12:40.440984
181,06:49.3 - 06:51.6,1,91.9,They did what free humans naturally do.,2026-09-09T10:13:27.087054
182,06:51.6 - 06:54.0,2,99.3,They played games. They invented sports.,2026-09-09T10:14:24.020305
183,06:54.0 - 06:57.1,1,93.2,"Archaeologists find stones carved with tally marks,",2026-09-09T10:15:26.425377
184,06:57.1 - 06:59.6,1,97.3,and animal knucklebones polished like dice.,2026-09-09T10:16:19.919403
185,06:59.6 - 07:02.3,1,74.6,"They wrestled, raced, and practiced archery.",2026-09-09T10:17:11.345403
186,07:02.3 - 07:04.8,2,94.4,They visited neighboring bands miles away.,2026-09-09T10:17:47.783258
187,07:04.8 - 07:06.8,2,92.0,And they created breathtaking art.,2026-09-09T10:18:37.610262
188,07:06.8 - 07:09.3,2,95.4,Consider Chauvet Cave in southern France.,2026-09-09T10:19:24.696884
189,07:09.3 - 07:12.2,1,96.4,"Thirty-six thousand years ago, artists walked in.",2026-09-09T10:20:15.687844
190,07:12.2 - 07:14.9,2,84.8,They didn't just paint near the sunlit mouth.,2026-09-09T10:21:03.000356
191,07:14.9 - 07:17.8,1,91.6,"They walked a quarter-mile into total darkness,",2026-09-09T10:21:44.827168
192,07:17.8 - 07:20.5,2,87.6,through freezing stone passages without light.,2026-09-09T10:22:35.041417
193,07:20.5 - 07:22.9,2,71.3,"And on those hidden walls, they painted.",2026-09-09T10:23:29.511211
194,07:22.9 - 07:25.6,1,89.1,They used stone curves to give muscles depth.,2026-09-09T10:24:26.985107
195,07:25.6 - 07:28.1,2,96.0,They painted running bison with extra legs,2026-09-09T10:25:31.110945
196,07:28.1 - 07:30.8,2,66.3,to simulate cinematic movement in torchlight.,2026-09-09T10:26:31.880864
197,07:30.8 - 07:33.5,partial_var_1,87.3,"They gathered animal fat, made stone torches,",2026-09-09T10:27:48.978026
198,07:33.5 - 07:36.0,1,98.6,and worked in choking subterranean smoke.,2026-09-09T10:28:37.530349
199,07:36.0 - 07:38.2,1,79.0,Why? Not for calories. Not for money.,2026-09-09T10:33:15.381100
200,07:38.2 - 07:40.8,1,92.8,They did it purely for the awe of creation.,2026-09-09T10:34:07.246476
201,07:40.8 - 07:43.4,1,90.3,They had the free time to care about beauty.,2026-09-09T10:34:51.796166
202,07:43.4 - 07:45.7,2,94.3,Look at the site of Sunghir in Russia.,2026-09-09T10:35:40.290106
203,07:45.7 - 07:48.2,1,98.6,"Thirty thousand years ago, in the Ice Age,",2026-09-09T10:36:21.815605
204,07:48.2 - 07:50.9,1,90.3,a band buried two children in a single grave.,2026-09-09T10:37:18.170057
205,07:50.9 - 07:53.2,1,98.4,On their bones lay ten thousand beads,2026-09-09T10:38:02.133165
206,07:53.2 - 07:55.6,1,95.2,carved from the tusks of woolly mammoths.,2026-09-09T10:38:50.565129
207,07:55.6 - 07:58.3,2,96.3,Archaeologists replicated those ivory beads.,2026-09-09T10:39:27.268636
208,07:58.3 - 08:00.8,2,80.6,"Each bead took forty-five minutes to grind,",2026-09-09T10:40:28.371809
209,08:00.8 - 08:03.4,2,54.3,"polish, and drill with a stone micro-borer.",2026-09-09T10:41:21.396362
210,08:03.4 - 08:06.1,2,93.4,Ten thousand beads equals thousands of hours.,2026-09-09T10:41:59.282475
211,08:06.1 - 08:08.1,partial_var_1,86.7,Think about what that represents.,2026-09-09T10:43:11.324863
212,08:08.1 - 08:10.7,1,95.0,A community spent months carving ivory beads,2026-09-09T10:43:54.339226
213,08:10.7 - 08:13.5,2,95.8,"simply to sew them into garments for children,",2026-09-09T10:44:45.518187
214,08:13.5 - 08:16.0,1,99.2,and bury them in the frozen earth forever.,2026-09-09T10:45:26.018083
215,08:16.0 - 08:18.6,2,86.0,That is not a species clawing for survival.,2026-09-09T10:46:13.775899
216,08:18.6 - 08:21.4,2,98.7,That is an affluent society with time to love.,2026-09-09T10:46:59.464319
217,08:21.4 - 08:23.0,1,87.2,And then came the firelight.,2026-09-09T10:47:51.837284
218,08:23.0 - 08:25.3,1,99.6,"In 2014, anthropologist Polly Wiessner",2026-09-09T10:48:34.996341
219,08:25.3 - 08:28.2,2,96.2,published forty years of recordings in Botswana.,2026-09-09T11:07:06.183050
220,08:28.2 - 08:30.8,1,99.0,She classified conversations by time of day.,2026-09-09T11:07:28.994508
221,08:30.8 - 08:33.5,2,98.7,"During daylight, conversation was practical.",2026-09-09T11:07:56.315331
222,08:33.5 - 08:35.8,1,98.7,"Seventy-five percent was about chores,",2026-09-09T11:08:19.807579
223,08:35.8 - 08:38.2,1,81.0,"meat shares, complaints, and camp gossip.",2026-09-09T11:09:04.641799
224,08:38.2 - 08:40.2,1,96.5,Just like an office water-cooler.,2026-09-09T11:09:38.825995
225,08:40.2 - 08:42.4,2,55.6,"But at sunset, the mood transformed.",2026-09-09T11:10:17.173039
226,08:42.4 - 08:44.4,1,83.0,"Without light, chores had to stop.",2026-09-09T11:10:56.626460
227,08:44.4 - 08:46.1,2,72.1,The campfire became a stage.,2026-09-09T11:11:33.801423
228,08:46.1 - 08:48.8,2,51.9,Eighty-one percent of night talk was stories.,2026-09-09T11:12:18.119562
229,08:48.8 - 08:51.5,2,82.1,They told origin myths of the constellations.,2026-09-09T11:13:05.658626
230,08:51.5 - 08:53.8,2,100.0,They mimicked animal calls with humor.,2026-09-09T11:13:34.958249
231,08:53.8 - 08:56.3,1,88.4,They sang polyphonic songs and told jokes.,2026-09-09T11:14:09.189890
232,08:56.3 - 08:58.7,1,69.9,They healed daytime feuds with laughter.,2026-09-09T11:14:42.441574
233,08:58.7 - 09:01.2,1,59.1,Firelight talk was where culture was born.,2026-09-09T11:15:19.820038
234,09:01.2 - 09:02.9,2,89.6,Daytime fed the human belly.,2026-09-09T11:15:54.778585
235,09:02.9 - 09:04.9,1,97.0,Nighttime created the human soul.,2026-09-09T11:16:36.405760
236,09:04.9 - 09:07.4,1,43.5,And they had that stage every single night.,2026-09-09T11:17:10.845252
237,09:07.4 - 09:09.2,1,52.4,"When embers faded, they slept.",2026-09-09T11:17:53.609087
238,09:09.2 - 09:11.4,2,53.6,Sleep worked differently than today.,2026-09-09T11:18:31.667337
239,09:11.4 - 09:13.7,1,54.4,"If you wake at three AM now, you panic.",2026-09-09T11:19:03.929267
240,09:13.7 - 09:15.6,2,32.5,You check your phone: 03:14 AM.,2026-09-09T11:19:43.371347
241,09:15.6 - 09:18.1,1,81.7,You calculate remaining hours with dread.,2026-09-09T11:20:10.727695
242,09:18.1 - 09:20.0,1,87.1,"You toss, turn, and feel broken.",2026-09-09T11:20:50.126584
243,09:20.0 - 09:21.7,2,80.3,You think you have insomnia.,2026-09-09T11:21:23.482931
244,09:21.7 - 09:24.2,1,96.4,You don't have insomnia; you have an alarm.,2026-09-09T11:21:55.726686
245,09:24.2 - 09:26.8,2,88.5,"For millennia, humans slept in two phases.",2026-09-09T11:22:29.101774
246,09:26.8 - 09:29.2,1,96.3,Circadian trials show sleep is biphasic.,2026-09-09T11:23:11.414481
247,09:29.2 - 09:31.0,1,75.7,"First sleep, and second sleep.",2026-09-09T11:23:48.744649
248,09:31.0 - 09:33.2,2,61.2,You fell asleep at dusk around eight.,2026-09-09T11:24:36.241779
249,09:33.2 - 09:35.4,partial_var_1,78.2,"Four hours later, you woke naturally.",2026-09-09T11:25:45.483238
250,09:35.4 - 09:37.8,2,70.1,At one in the morning began 'the watch.',2026-09-09T11:26:21.064754
251,09:37.8 - 09:40.5,1,79.7,It was not a time of anxious racing thoughts.,2026-09-09T11:27:04.727456
252,09:40.5 - 09:42.5,1,62.4,"It was a tranquil, peaceful hour.",2026-09-09T11:27:47.952944
253,09:42.5 - 09:45.1,2,59.7,"People checked the fire, sipped cool water,",2026-09-09T11:28:18.260555
254,09:45.1 - 09:47.0,1,82.6,"whispered softly with a partner,",2026-09-09T11:28:44.433515
255,09:47.0 - 09:49.4,2,33.0,or watched the quiet constellations turn.,2026-09-09T11:29:24.790608
256,09:49.4 - 09:52.1,1,95.3,"The waking midnight brain releases prolactin,",2026-09-09T11:29:59.211988
257,09:52.1 - 09:54.5,1,63.2,producing deep serenity and tranquility.,2026-09-09T11:30:41.485817
258,09:54.5 - 09:56.3,1,67.9,"Then, after an hour of peace,",2026-09-09T11:31:22.852939
259,09:56.3 - 09:58.4,1,74.2,they slipped into their second sleep,2026-09-09T11:32:04.205990
260,09:58.4 - 10:00.2,2,90.3,and woke with the rising sun.,2026-09-09T11:32:43.711764
261,10:00.2 - 10:02.2,1,85.8,We dismantled that natural rhythm.,2026-09-09T11:33:31.343967
262,10:02.2 - 10:04.9,1,97.9,We turned sleep into a race against an alarm.,2026-09-09T11:34:17.594413
263,10:04.9 - 10:06.8,1,56.7,"When biology wakes us at night,",2026-09-09T11:34:59.782557
264,10:06.8 - 10:09.1,2,96.0,we pathologize it and call it disease.,2026-09-09T11:35:45.166643
265,10:09.1 - 10:11.8,2,63.4,It's not disease. It is your body remembering.,2026-09-09T11:36:22.450891
266,10:11.8 - 10:14.0,1,88.0,Which brings us to the great paradox:,2026-09-09T11:37:02.830891
267,10:14.0 - 10:16.9,1,97.5,"if foraging was healthier, freer, and leisurely,",2026-09-09T11:37:48.927961
268,10:16.9 - 10:18.9,1,80.1,why did humanity ever give it up?,2026-09-09T11:38:33.796096
269,10:18.9 - 10:21.4,1,99.2,Why trade fifteen hours for fifty of toil?,2026-09-09T11:39:04.893059
270,10:21.4 - 10:23.9,1,95.5,The answer is: nobody chose to give it up.,2026-09-09T11:39:38.377303
271,10:23.9 - 10:26.3,2,66.6,Humanity fell into an irreversible trap.,2026-09-09T11:40:21.692579
272,10:26.3 - 10:28.7,2,85.2,A trap so gradual no generation saw it.,2026-09-09T11:40:52.850011
273,10:28.7 - 10:31.4,2,90.4,"Twelve thousand years ago in the Middle East,",2026-09-09T11:41:40.301277
274,10:31.4 - 10:34.1,1,98.9,climate swings brought colder winter droughts.,2026-09-09T11:42:18.659492
275,10:34.1 - 10:36.2,1,97.9,Bands noticed wild wheat and barley,2026-09-09T11:42:52.420318
276,10:36.2 - 10:38.8,1,91.3,stored remarkably well through the winter.,2026-09-09T11:43:29.967952
277,10:38.8 - 10:41.3,2,95.2,So they tended patches. They watered them.,2026-09-09T11:44:17.170350
278,10:41.3 - 10:43.9,1,96.0,They weeded soil. They saved the best seeds.,2026-09-09T11:44:55.402786
279,10:43.9 - 10:46.6,2,95.1,It seemed like a brilliant insurance policy.,2026-09-09T11:45:40.947670
280,10:46.6 - 10:49.1,2,86.5,More stored grain meant less winter dread.,2026-09-09T11:46:22.151870
281,10:49.1 - 10:51.5,2,51.1,But wheat contained a biological trigger.,2026-09-09T11:46:51.517667
3,MANUAL_SELECT,3,USER_PICK,Selected via QA Dashboard,2026-09-09T11:46:52.523342
282,10:51.5 - 10:54.2,2,93.7,"Wild fibrous food requires years of nursing,",2026-09-09T11:47:18.600337
283,10:54.2 - 10:56.3,2,90.2,keeping birth spacing at four years.,2026-09-09T11:48:02.765051
284,10:56.3 - 10:58.8,2,82.2,The population stayed small and balanced.,2026-09-09T11:48:45.703348
285,10:58.8 - 11:01.3,2,91.6,Cooked wheat porridge changed the formula.,2026-09-09T11:49:15.440616
286,11:01.3 - 11:03.7,2,93.7,Starch is easy for young guts to digest.,2026-09-09T11:49:45.730921
287,11:03.7 - 11:05.9,1,92.0,Mothers could wean babies at age one.,2026-09-09T11:50:22.653994
288,11:05.9 - 11:08.5,1,96.8,Birth spacing collapsed to eighteen months.,2026-09-09T11:51:05.640731
289,11:08.5 - 11:10.8,1,96.3,The population exploded exponentially.,2026-09-09T11:51:48.741898
290,11:10.8 - 11:13.2,1,94.1,"Within generations, twenty-five foragers",2026-09-09T11:52:17.439343
291,11:13.2 - 11:15.5,1,94.9,became three hundred hungry villagers.,2026-09-09T11:52:53.814678
292,11:15.5 - 11:17.6,1,96.5,"And suddenly, the trap snapped shut.",2026-09-09T11:53:30.402212
293,11:17.6 - 11:20.4,1,97.7,Three hundred people cannot live on wild game.,2026-09-09T11:54:04.331289
294,11:20.4 - 11:22.9,2,79.0,There are not enough roots in fifty miles.,2026-09-09T11:54:47.817832
295,11:22.9 - 11:24.7,1,99.4,You cannot go back to hunting.,2026-09-09T11:55:31.672598
296,11:24.7 - 11:27.2,2,92.6,"If you stop farming, your children starve.",2026-09-09T11:55:58.603610
297,11:27.2 - 11:28.9,2,97.2,You are trapped in the soil.,2026-09-09T11:56:27.367931
298,11:28.9 - 11:30.7,2,98.8,Now you must plow more fields.,2026-09-09T11:57:10.668099
299,11:30.7 - 11:32.9,2,99.0,You must weed from sunrise to sunset.,2026-09-09T11:57:44.368119
300,11:32.9 - 11:35.6,2,97.5,You must dig irrigation till your arms shake.,2026-09-09T11:58:27.339990
301,11:35.6 - 11:38.0,1,99.2,"Grain is harvested all at once, in bulk.",2026-09-09T11:59:02.875172
302,11:38.0 - 11:40.1,2,94.6,You must store it inside granaries.,2026-09-09T11:59:48.597897
303,11:40.1 - 11:42.3,2,78.0,"And when granaries are full of food,",2026-09-09T12:00:29.472626
304,11:42.3 - 11:44.7,1,56.5,other starving villages come to take it.,2026-09-09T12:01:12.749777
305,11:44.7 - 11:47.0,1,94.5,So you build walls. Thick stone walls.,2026-09-09T12:01:45.767205
306,11:47.0 - 11:49.2,1,83.1,You need guards on those battlements.,2026-09-09T12:02:23.462051
307,11:49.2 - 11:51.7,1,93.7,You need scribes to tally the grain sacks.,2026-09-09T12:02:57.807195
308,11:51.7 - 11:53.9,1,98.9,You need taxes to feed the soldiers.,2026-09-09T12:03:36.752921
309,11:53.9 - 11:56.0,2,85.1,You need a king to command the army.,2026-09-09T12:04:12.770828
310,11:56.0 - 11:58.6,2,97.3,"And just like that, human freedom vanished.",2026-09-09T12:04:45.527280
311,11:58.6 - 12:00.9,1,93.9,Property was born. Borders were drawn.,2026-09-09T12:05:27.879735
312,12:00.9 - 12:03.4,2,99.0,Time belonged to the harvest and the king.,2026-09-09T12:06:07.775564
313,12:03.4 - 12:05.3,1,92.0,Freedom was traded for a fence.,2026-09-09T12:06:51.401958
314,12:05.3 - 12:07.3,2,87.7,"Tonight, you will crawl into bed.",2026-09-09T12:07:36.994505
315,12:07.3 - 12:09.4,2,80.3,You will reach for your smartphone.,2026-09-09T12:08:13.439548
316,12:09.4 - 12:11.9,partial_var_1,58.2,You will set that chime for six-thirty AM.,2026-09-09T12:09:23.577786
317,12:11.9 - 12:14.0,1,60.7,You will spend the next forty years,2026-09-09T12:09:54.415518
318,12:14.0 - 12:16.2,1,99.1,"sitting in traffic, answering emails,",2026-09-09T12:10:31.543009
319,12:16.2 - 12:18.2,1,75.8,"paying down a mortgage on drywall,",2026-09-09T12:11:01.598704
320,12:18.2 - 12:20.3,1,97.8,"saving dollars into an index fund,",2026-09-09T12:11:40.729255
321,12:20.3 - 12:22.7,2,98.1,"hoping that someday, if your body works,",2026-09-09T12:12:15.786692
322,12:22.7 - 12:24.1,2,96.9,you can finally retire.,2026-09-09T12:13:01.536968
323,12:24.1 - 12:26.2,1,98.1,And what is the dream of retirement?,2026-09-09T12:13:33.516632
324,12:26.2 - 12:28.4,2,99.8,To wake with the sun. Nowhere to be.,2026-09-09T12:14:18.473652
325,12:28.4 - 12:30.8,1,100.0,To walk in woods with no clock in pocket.,2026-09-09T12:14:55.402089
326,12:30.8 - 12:33.2,2,95.7,To cook slow fresh food with your hands.,2026-09-09T12:15:21.790932
327,12:33.2 - 12:35.4,1,98.0,To take afternoon naps in the shade.,2026-09-09T12:15:57.339942
328,12:35.4 - 12:37.9,1,100.0,"To sit by a fire at night with loved ones,",2026-09-09T12:16:25.467614
7,MANUAL_SELECT,2,USER_PICK,Selected via QA Dashboard,2026-09-09T12:16:28.365318
329,12:37.9 - 12:40.3,2,84.5,telling stories and watching the stars.,2026-09-09T12:16:58.806302
330,12:40.3 - 12:42.1,2,77.8,Do you see the crushing irony?,2026-09-09T12:17:30.546966
14,MANUAL_SELECT,1,USER_PICK,Selected via QA Dashboard,2026-09-09T12:17:48.612027
331,12:42.1 - 12:44.3,2,93.2,You work forty-five years of your life,2026-09-09T12:18:08.960976
332,12:44.3 - 12:46.5,2,97.8,hoping to buy back the exact freedom,2026-09-09T12:18:38.124111
333,12:46.5 - 12:49.0,1,80.2,your ancestors lived from birth to death.,2026-09-09T12:19:20.040149
334,12:49.0 - 12:52.0,1,78.6,And they would find it strange you traded it away.,2026-09-09T12:19:54.050542
18,MANUAL_SELECT,1,USER_PICK,Selected via QA Dashboard,2026-09-09T15:43:21.167034
18,MANUAL_SELECT,1,USER_PICK,Selected via QA Dashboard,2026-09-09T15:43:21.541830
23,MANUAL_SELECT,4,USER_PICK,Selected via QA Dashboard,2026-09-09T15:45:14.296401
25,MANUAL_SELECT,4,USER_PICK,Selected via QA Dashboard,2026-09-09T15:45:43.217687
35,MANUAL_SELECT,1,USER_PICK,Selected via QA Dashboard,2026-09-09T15:46:58.889816
58,MANUAL_SELECT,2,USER_PICK,Selected via QA Dashboard,2026-09-09T15:48:35.066535
59,MANUAL_SELECT,2,USER_PICK,Selected via QA Dashboard,2026-09-09T15:48:50.851772
62,MANUAL_SELECT,1,USER_PICK,Selected via QA Dashboard,2026-09-09T15:49:12.153964
62,MANUAL_SELECT,1,USER_PICK,Selected via QA Dashboard,2026-09-09T15:49:12.524918
65,MANUAL_SELECT,1,USER_PICK,Selected via QA Dashboard,2026-09-09T15:49:59.944054
68,MANUAL_SELECT,2,USER_PICK,Selected via QA Dashboard,2026-09-09T16:02:43.295697
69,MANUAL_SELECT,2,USER_PICK,Selected via QA Dashboard,2026-09-09T16:02:48.902690
69,MANUAL_SELECT,2,USER_PICK,Selected via QA Dashboard,2026-09-09T16:02:49.276515
71,MANUAL_SELECT,2,USER_PICK,Selected via QA Dashboard,2026-09-09T16:03:23.334105
86,MANUAL_SELECT,1,USER_PICK,Selected via QA Dashboard,2026-09-09T16:04:10.403937
88,MANUAL_SELECT,2,USER_PICK,Selected via QA Dashboard,2026-09-09T16:04:16.759623
97,MANUAL_SELECT,1,USER_PICK,Selected via QA Dashboard,2026-09-09T16:04:53.357235
107,MANUAL_SELECT,1,USER_PICK,Selected via QA Dashboard,2026-09-09T16:05:32.694611
107,MANUAL_SELECT,1,USER_PICK,Selected via QA Dashboard,2026-09-09T16:05:33.071754
116,MANUAL_SELECT,2,USER_PICK,Selected via QA Dashboard,2026-09-09T16:05:58.136291
116,MANUAL_SELECT,2,USER_PICK,Selected via QA Dashboard,2026-09-09T16:05:58.517553
118,MANUAL_SELECT,2,USER_PICK,Selected via QA Dashboard,2026-09-09T16:06:14.828537
124,MANUAL_SELECT,2,USER_PICK,Selected via QA Dashboard,2026-09-09T16:07:36.616815
135,MANUAL_SELECT,2,USER_PICK,Selected via QA Dashboard,2026-09-09T16:08:33.559043
135,MANUAL_SELECT,2,USER_PICK,Selected via QA Dashboard,2026-09-09T16:08:33.934417
139,MANUAL_SELECT,1,USER_PICK,Selected via QA Dashboard,2026-09-09T16:08:55.572706
139,MANUAL_SELECT,1,USER_PICK,Selected via QA Dashboard,2026-09-09T16:08:55.949617
